Experiment,Algorithm,Map,Map Center,Map Resolution,Start Point,End Point,Score,Run Time (sec),Budget (hours),Number of Robots,Constraints
Constraint_Test,MIP,roms/txla_hindcast_agg_full_2013_07_10.nc,"xLon: -96.50000, yLat: 25.00000","(1, 1)","[1, 1]",,1.1215653570857285,0.007951974868774414,1.0,1,_nsew
Constraint_Test,MIP,roms/txla_hindcast_agg_full_2013_07_10.nc,"xLon: -96.50000, yLat: 25.00000","(1, 1)","[1, 5]",,1.482107021374539,0.005330801010131836,1.0,1,_nsew
Constraint_Test,MIP,roms/txla_hindcast_agg_full_2013_07_10.nc,"xLon: -96.50000, yLat: 25.00000","(1, 1)","[1, 9]",,1.8106035587622662,0.02174615859985352,1.0,1,_nsew
Constraint_Test,MIP,roms/txla_hindcast_agg_full_2013_07_10.nc,"xLon: -96.50000, yLat: 25.00000","(1, 1)","[5, 1]",,0.6436590128717075,0.01315903663635254,1.0,1,_nsew
Constraint_Test,MIP,roms/txla_hindcast_agg_full_2013_07_10.nc,"xLon: -96.50000, yLat: 25.00000","(1, 1)","[5, 5]",,0.9059019870969,0.019466876983642575,1.0,1,_nsew
Constraint_Test,MIP,roms/txla_hindcast_agg_full_2013_07_10.nc,"xLon: -96.50000, yLat: 25.00000","(1, 1)","[5, 9]",,1.2131229622934634,0.02019906044006348,1.0,1,_nsew
Constraint_Test,MIP,roms/txla_hindcast_agg_full_2013_07_10.nc,"xLon: -96.50000, yLat: 25.00000","(1, 1)","[9, 1]",,0.22646989147664087,0.014956951141357422,1.0,1,_nsew
Constraint_Test,MIP,roms/txla_hindcast_agg_full_2013_07_10.nc,"xLon: -96.50000, yLat: 25.00000","(1, 1)","[9, 5]",,0.506901930587304,0.018742084503173828,1.0,1,_nsew
Constraint_Test,MIP,roms/txla_hindcast_agg_full_2013_07_10.nc,"xLon: -96.50000, yLat: 25.00000","(1, 1)","[9, 9]",,0.848116930521734,0.021114110946655273,1.0,1,_nsew
Constraint_Test,MIP,roms/txla_hindcast_agg_full_2013_07_10.nc,"xLon: -96.50000, yLat: 25.00000","(1, 1)","[1, 1]",,2.416989587628718,0.04780387878417969,2.0,1,_nsew
Constraint_Test,MIP,roms/txla_hindcast_agg_full_2013_07_10.nc,"xLon: -96.50000, yLat: 25.00000","(1, 1)","[1, 5]",,3.170024127896197,0.013438940048217772,2.0,1,_nsew
Constraint_Test,MIP,roms/txla_hindcast_agg_full_2013_07_10.nc,"xLon: -96.50000, yLat: 25.00000","(1, 1)","[1, 9]",,3.6937887808791334,0.05244612693786621,2.0,1,_nsew
Constraint_Test,MIP,roms/txla_hindcast_agg_full_2013_07_10.nc,"xLon: -96.50000, yLat: 25.00000","(1, 1)","[5, 1]",,1.522074843835249,0.0570230484008789,2.0,1,_nsew
Constraint_Test,MIP,roms/txla_hindcast_agg_full_2013_07_10.nc,"xLon: -96.50000, yLat: 25.00000","(1, 1)","[5, 5]",,2.1018013739487853,0.0306699275970459,2.0,1,_nsew
Constraint_Test,MIP,roms/txla_hindcast_agg_full_2013_07_10.nc,"xLon: -96.50000, yLat: 25.00000","(1, 1)","[5, 9]",,2.611027233979614,0.030425071716308594,2.0,1,_nsew
Constraint_Test,MIP,roms/txla_hindcast_agg_full_2013_07_10.nc,"xLon: -96.50000, yLat: 25.00000","(1, 1)","[9, 1]",,0.6460879503390806,0.02976512908935547,2.0,1,_nsew
Constraint_Test,MIP,roms/txla_hindcast_agg_full_2013_07_10.nc,"xLon: -96.50000, yLat: 25.00000","(1, 1)","[1, 1]",,1.1215653570857285,0.00686192512512207,1.0,1,_nsew
Constraint_Test,MIP,roms/txla_hindcast_agg_full_2013_07_10.nc,"xLon: -96.50000, yLat: 25.00000","(1, 1)","[1, 5]",,1.482107021374539,0.005102872848510742,1.0,1,_nsew
Constraint_Test,MIP,roms/txla_hindcast_agg_full_2013_07_10.nc,"xLon: -96.50000, yLat: 25.00000","(1, 1)","[1, 9]",,1.8106035587622662,0.024068832397460938,1.0,1,_nsew
Constraint_Test,MIP,roms/txla_hindcast_agg_full_2013_07_10.nc,"xLon: -96.50000, yLat: 25.00000","(1, 1)","[5, 1]",,0.6436590128717075,0.012275934219360352,1.0,1,_nsew
Constraint_Test,MIP,roms/txla_hindcast_agg_full_2013_07_10.nc,"xLon: -96.50000, yLat: 25.00000","(1, 1)","[5, 5]",,0.9059019870969,0.025054931640625,1.0,1,_nsew
Constraint_Test,MIP,roms/txla_hindcast_agg_full_2013_07_10.nc,"xLon: -96.50000, yLat: 25.00000","(1, 1)","[5, 9]",,1.2131229622934634,0.02478504180908203,1.0,1,_nsew
Constraint_Test,MIP,roms/txla_hindcast_agg_full_2013_07_10.nc,"xLon: -96.50000, yLat: 25.00000","(1, 1)","[9, 1]",,0.22646989147664087,0.01553201675415039,1.0,1,_nsew
Constraint_Test,MIP,roms/txla_hindcast_agg_full_2013_07_10.nc,"xLon: -96.50000, yLat: 25.00000","(1, 1)","[9, 5]",,0.506901930587304,0.02516698837280273,1.0,1,_nsew
Constraint_Test,MIP,roms/txla_hindcast_agg_full_2013_07_10.nc,"xLon: -96.50000, yLat: 25.00000","(1, 1)","[9, 9]",,0.848116930521734,0.022354841232299805,1.0,1,_nsew
Constraint_Test,MIP,roms/txla_hindcast_agg_full_2013_07_10.nc,"xLon: -96.50000, yLat: 25.00000","(1, 1)","[1, 1]",,2.416989587628718,0.04583287239074707,2.0,1,_nsew
Constraint_Test,MIP,roms/txla_hindcast_agg_full_2013_07_10.nc,"xLon: -96.50000, yLat: 25.00000","(1, 1)","[1, 5]",,3.170024127896197,0.012631893157958984,2.0,1,_nsew
Constraint_Test,MIP,roms/txla_hindcast_agg_full_2013_07_10.nc,"xLon: -96.50000, yLat: 25.00000","(1, 1)","[1, 9]",,3.6937887808791334,0.05293011665344238,2.0,1,_nsew
Constraint_Test,MIP,roms/txla_hindcast_agg_full_2013_07_10.nc,"xLon: -96.50000, yLat: 25.00000","(1, 1)","[5, 1]",,1.522074843835249,0.05510997772216797,2.0,1,_nsew
Constraint_Test,MIP,roms/txla_hindcast_agg_full_2013_07_10.nc,"xLon: -96.50000, yLat: 25.00000","(1, 1)","[5, 5]",,2.1018013739487853,0.030228137969970707,2.0,1,_nsew
Constraint_Test,MIP,roms/txla_hindcast_agg_full_2013_07_10.nc,"xLon: -96.50000, yLat: 25.00000","(1, 1)","[5, 9]",,2.611027233979614,0.03163409233093262,2.0,1,_nsew
Constraint_Test,MIP,roms/txla_hindcast_agg_full_2013_07_10.nc,"xLon: -96.50000, yLat: 25.00000","(1, 1)","[9, 1]",,0.6460879503390806,0.02955794334411621,2.0,1,_nsew
Constraint_Test,MIP,roms/txla_hindcast_agg_full_2013_07_10.nc,"xLon: -96.50000, yLat: 25.00000","(1, 1)","[9, 5]",,1.219198079780756,0.0651710033416748,2.0,1,_nsew
Constraint_Test,MIP,roms/txla_hindcast_agg_full_2013_07_10.nc,"xLon: -96.50000, yLat: 25.00000","(1, 1)","[9, 9]",,1.9346471944648176,0.05889701843261719,2.0,1,_nsew
Constraint_Test,MIP,roms/txla_hindcast_agg_full_2013_07_10.nc,"xLon: -96.50000, yLat: 25.00000","(1, 1)","[1, 1]",,4.747871160277092,0.06928586959838867,4.0,1,_nsew
Constraint_Test,MIP,roms/txla_hindcast_agg_full_2013_07_10.nc,"xLon: -96.50000, yLat: 25.00000","(1, 1)","[1, 5]",,6.023088248785394,0.06451416015625,4.0,1,_nsew
Constraint_Test,MIP,roms/txla_hindcast_agg_full_2013_07_10.nc,"xLon: -96.50000, yLat: 25.00000","(1, 1)","[1, 9]",,6.2852354037315,0.5475208759307861,4.0,1,_nsew
Constraint_Test,MIP,roms/txla_hindcast_agg_full_2013_07_10.nc,"xLon: -96.50000, yLat: 25.00000","(1, 1)","[5, 1]",,3.2692645310856285,0.12676501274108887,4.0,1,_nsew
Constraint_Test,MIP,roms/txla_hindcast_agg_full_2013_07_10.nc,"xLon: -96.50000, yLat: 25.00000","(1, 1)","[5, 5]",,4.408009960894199,0.08770203590393066,4.0,1,_nsew
Constraint_Test,MIP,roms/txla_hindcast_agg_full_2013_07_10.nc,"xLon: -96.50000, yLat: 25.00000","(1, 1)","[5, 9]",,5.4216307927418805,0.08087301254272461,4.0,1,_nsew
Constraint_Test,MIP,roms/txla_hindcast_agg_full_2013_07_10.nc,"xLon: -96.50000, yLat: 25.00000","(1, 1)","[9, 1]",,1.6908635333939515,0.11846494674682614,4.0,1,_nsew
Constraint_Test,MIP,roms/txla_hindcast_agg_full_2013_07_10.nc,"xLon: -96.50000, yLat: 25.00000","(1, 1)","[9, 5]",,2.693648714965187,0.15922999382019046,4.0,1,_nsew
Constraint_Test,MIP,roms/txla_hindcast_agg_full_2013_07_10.nc,"xLon: -96.50000, yLat: 25.00000","(1, 1)","[9, 9]",,3.812371402765685,0.12755894660949707,4.0,1,_nsew
Constraint_Test,MIP,roms/txla_hindcast_agg_full_2013_07_10.nc,"xLon: -96.50000, yLat: 25.00000","(1, 1)","[1, 1]",,10.209005384858774,0.8348059654235841,8.0,1,_nsew
Constraint_Test,MIP,roms/txla_hindcast_agg_full_2013_07_10.nc,"xLon: -96.50000, yLat: 25.00000","(1, 1)","[1, 5]",,10.853221794266087,13.78892993927002,8.0,1,_nsew
Constraint_Test,MIP,roms/txla_hindcast_agg_full_2013_07_10.nc,"xLon: -96.50000, yLat: 25.00000","(1, 1)","[1, 9]",,10.87427735041955,19.138865947723392,8.0,1,_nsew
Constraint_Test,MIP,roms/txla_hindcast_agg_full_2013_07_10.nc,"xLon: -96.50000, yLat: 25.00000","(1, 1)","[5, 1]",,8.037291061393836,0.3211789131164551,8.0,1,_nsew
Constraint_Test,MIP,roms/txla_hindcast_agg_full_2013_07_10.nc,"xLon: -96.50000, yLat: 25.00000","(1, 1)","[5, 5]",,9.869143803820206,1.0474920272827148,8.0,1,_nsew
Constraint_Test,MIP,roms/txla_hindcast_agg_full_2013_07_10.nc,"xLon: -96.50000, yLat: 25.00000","(1, 1)","[5, 9]",,10.49002247758899,6.204375982284546,8.0,1,_nsew
Constraint_Test,MIP,roms/txla_hindcast_agg_full_2013_07_10.nc,"xLon: -96.50000, yLat: 25.00000","(1, 1)","[9, 1]",,5.310679219692461,0.5513439178466797,8.0,1,_nsew
Constraint_Test,MIP,roms/txla_hindcast_agg_full_2013_07_10.nc,"xLon: -96.50000, yLat: 25.00000","(1, 1)","[9, 5]",,7.394553074512746,0.3492732048034668,8.0,1,_nsew
Constraint_Test,MIP,roms/txla_hindcast_agg_full_2013_07_10.nc,"xLon: -96.50000, yLat: 25.00000","(1, 1)","[9, 9]",,9.142992725654294,0.8682308197021484,8.0,1,_nsew
Constraint_Test,MIP,roms/txla_hindcast_agg_full_2013_07_10.nc,"xLon: -96.50000, yLat: 25.00000","(1, 1)","[1, 1]",,1.1609487196797255,0.006880044937133789,1.0,1,_diag
Constraint_Test,MIP,roms/txla_hindcast_agg_full_2013_07_10.nc,"xLon: -96.50000, yLat: 25.00000","(1, 1)","[1, 5]",,1.5249552601361624,0.0072231292724609375,1.0,1,_diag
Constraint_Test,MIP,roms/txla_hindcast_agg_full_2013_07_10.nc,"xLon: -96.50000, yLat: 25.00000","(1, 1)","[1, 9]",,1.86106895420378,0.004618167877197266,1.0,1,_diag
Constraint_Test,MIP,roms/txla_hindcast_agg_full_2013_07_10.nc,"xLon: -96.50000, yLat: 25.00000","(1, 1)","[5, 1]",,0.6774744689189615,0.01571488380432129,1.0,1,_diag
Constraint_Test,MIP,roms/txla_hindcast_agg_full_2013_07_10.nc,"xLon: -96.50000, yLat: 25.00000","(1, 1)","[5, 5]",,0.9262164380646483,0.013702154159545898,1.0,1,_diag
Constraint_Test,MIP,roms/txla_hindcast_agg_full_2013_07_10.nc,"xLon: -96.50000, yLat: 25.00000","(1, 1)","[5, 9]",,1.2406217229552454,0.006969928741455078,1.0,1,_diag
Constraint_Test,MIP,roms/txla_hindcast_agg_full_2013_07_10.nc,"xLon: -96.50000, yLat: 25.00000","(1, 1)","[9, 1]",,0.2707488011485269,0.015339851379394531,1.0,1,_diag
Constraint_Test,MIP,roms/txla_hindcast_agg_full_2013_07_10.nc,"xLon: -96.50000, yLat: 25.00000","(1, 1)","[9, 5]",,0.5507498555831415,0.019479990005493164,1.0,1,_diag
Constraint_Test,MIP,roms/txla_hindcast_agg_full_2013_07_10.nc,"xLon: -96.50000, yLat: 25.00000","(1, 1)","[9, 9]",,0.8917518726419639,0.008334875106811523,1.0,1,_diag
Constraint_Test,MIP,roms/txla_hindcast_agg_full_2013_07_10.nc,"xLon: -96.50000, yLat: 25.00000","(1, 1)","[1, 1]",,2.5031972738716894,0.05736207962036133,2.0,1,_diag
Constraint_Test,MIP,roms/txla_hindcast_agg_full_2013_07_10.nc,"xLon: -96.50000, yLat: 25.00000","(1, 1)","[1, 5]",,3.207000415832203,0.016611814498901367,2.0,1,_diag
Constraint_Test,MIP,roms/txla_hindcast_agg_full_2013_07_10.nc,"xLon: -96.50000, yLat: 25.00000","(1, 1)","[1, 9]",,3.367215675470695,0.05074501037597656,2.0,1,_diag
Constraint_Test,MIP,roms/txla_hindcast_agg_full_2013_07_10.nc,"xLon: -96.50000, yLat: 25.00000","(1, 1)","[5, 1]",,1.721508887218409,0.0497441291809082,2.0,1,_diag
Constraint_Test,MIP,roms/txla_hindcast_agg_full_2013_07_10.nc,"xLon: -96.50000, yLat: 25.00000","(1, 1)","[5, 5]",,2.2560235449063373,0.030025959014892575,2.0,1,_diag
Constraint_Test,MIP,roms/txla_hindcast_agg_full_2013_07_10.nc,"xLon: -96.50000, yLat: 25.00000","(1, 1)","[5, 9]",,2.6514247397140966,0.012248039245605469,2.0,1,_diag
Constraint_Test,MIP,roms/txla_hindcast_agg_full_2013_07_10.nc,"xLon: -96.50000, yLat: 25.00000","(1, 1)","[9, 1]",,0.8886892108967195,0.037739038467407234,2.0,1,_diag
Constraint_Test,MIP,roms/txla_hindcast_agg_full_2013_07_10.nc,"xLon: -96.50000, yLat: 25.00000","(1, 1)","[9, 5]",,1.5207940051747704,0.06160283088684083,2.0,1,_diag
Constraint_Test,MIP,roms/txla_hindcast_agg_full_2013_07_10.nc,"xLon: -96.50000, yLat: 25.00000","(1, 1)","[9, 9]",,2.0097227339899635,0.05785393714904785,2.0,1,_diag
Constraint_Test,MIP,roms/txla_hindcast_agg_full_2013_07_10.nc,"xLon: -96.50000, yLat: 25.00000","(1, 1)","[1, 1]",,4.806668173373171,0.05835700035095215,4.0,1,_diag
Constraint_Test,MIP,roms/txla_hindcast_agg_full_2013_07_10.nc,"xLon: -96.50000, yLat: 25.00000","(1, 1)","[1, 5]",,5.478872718748894,0.3241848945617676,4.0,1,_diag
Constraint_Test,MIP,roms/txla_hindcast_agg_full_2013_07_10.nc,"xLon: -96.50000, yLat: 25.00000","(1, 1)","[1, 9]",,5.410317924227934,0.43642306327819824,4.0,1,_diag
Constraint_Test,MIP,roms/txla_hindcast_agg_full_2013_07_10.nc,"xLon: -96.50000, yLat: 25.00000","(1, 1)","[5, 1]",,4.024979772653006,0.051516056060791016,4.0,1,_diag
Constraint_Test,MIP,roms/txla_hindcast_agg_full_2013_07_10.nc,"xLon: -96.50000, yLat: 25.00000","(1, 1)","[5, 5]",,4.799137654806156,0.07490992546081543,4.0,1,_diag
Constraint_Test,MIP,roms/txla_hindcast_agg_full_2013_07_10.nc,"xLon: -96.50000, yLat: 25.00000","(1, 1)","[5, 9]",,5.194538849613915,0.0798189640045166,4.0,1,_diag
Constraint_Test,MIP,roms/txla_hindcast_agg_full_2013_07_10.nc,"xLon: -96.50000, yLat: 25.00000","(1, 1)","[9, 1]",,2.4208127051905497,0.09400320053100586,4.0,1,_diag
Constraint_Test,MIP,roms/txla_hindcast_agg_full_2013_07_10.nc,"xLon: -96.50000, yLat: 25.00000","(1, 1)","[9, 5]",,3.4215183944356364,0.10148119926452637,4.0,1,_diag
Constraint_Test,MIP,roms/txla_hindcast_agg_full_2013_07_10.nc,"xLon: -96.50000, yLat: 25.00000","(1, 1)","[9, 9]",,3.91044712325083,0.0872647762298584,4.0,1,_diag
Constraint_Test,MIP,roms/txla_hindcast_agg_full_2013_07_10.nc,"xLon: -96.50000, yLat: 25.00000","(1, 1)","[1, 1]",,9.311878627833634,0.9798181056976318,8.0,1,_diag
Constraint_Test,MIP,roms/txla_hindcast_agg_full_2013_07_10.nc,"xLon: -96.50000, yLat: 25.00000","(1, 1)","[1, 5]",,9.239669481219435,6.087571859359741,8.0,1,_diag
Constraint_Test,MIP,roms/txla_hindcast_agg_full_2013_07_10.nc,"xLon: -96.50000, yLat: 25.00000","(1, 1)","[1, 9]",,9.214495142837581,5.005550146102905,8.0,1,_diag
Constraint_Test,MIP,roms/txla_hindcast_agg_full_2013_07_10.nc,"xLon: -96.50000, yLat: 25.00000","(1, 1)","[5, 1]",,8.542630011681576,0.8436388969421387,8.0,1,_diag
Constraint_Test,MIP,roms/txla_hindcast_agg_full_2013_07_10.nc,"xLon: -96.50000, yLat: 25.00000","(1, 1)","[5, 5]",,9.077145370826655,0.8465609550476074,8.0,1,_diag
Constraint_Test,MIP,roms/txla_hindcast_agg_full_2013_07_10.nc,"xLon: -96.50000, yLat: 25.00000","(1, 1)","[5, 9]",,9.324871753288162,0.924490213394165,8.0,1,_diag
Constraint_Test,MIP,roms/txla_hindcast_agg_full_2013_07_10.nc,"xLon: -96.50000, yLat: 25.00000","(1, 1)","[9, 1]",,7.2127821274090245,0.4068751335144043,8.0,1,_diag
Constraint_Test,MIP,roms/txla_hindcast_agg_full_2013_07_10.nc,"xLon: -96.50000, yLat: 25.00000","(1, 1)","[9, 5]",,8.240288114924846,0.5236020088195801,8.0,1,_diag
Constraint_Test,MIP,roms/txla_hindcast_agg_full_2013_07_10.nc,"xLon: -96.50000, yLat: 25.00000","(1, 1)","[9, 9]",,8.729216843740035,0.5760338306427002,8.0,1,_diag
Constraint_Test,MIP,roms/txla_hindcast_agg_full_2013_07_10.nc,"xLon: -96.50000, yLat: 25.00000","(1, 1)","[1, 1]",,1.1609487196797255,0.009553909301757812,1.0,1,_antiCurl
Constraint_Test,MIP,roms/txla_hindcast_agg_full_2013_07_10.nc,"xLon: -96.50000, yLat: 25.00000","(1, 1)","[1, 5]",,1.5249552601361624,0.005238056182861328,1.0,1,_antiCurl
Constraint_Test,MIP,roms/txla_hindcast_agg_full_2013_07_10.nc,"xLon: -96.50000, yLat: 25.00000","(1, 1)","[1, 9]",,1.86106895420378,0.004751920700073242,1.0,1,_antiCurl
Constraint_Test,MIP,roms/txla_hindcast_agg_full_2013_07_10.nc,"xLon: -96.50000, yLat: 25.00000","(1, 1)","[5, 1]",,0.6774744644481472,0.015045166015625,1.0,1,_antiCurl
Constraint_Test,MIP,roms/txla_hindcast_agg_full_2013_07_10.nc,"xLon: -96.50000, yLat: 25.00000","(1, 1)","[5, 5]",,0.9262164380646483,0.01898503303527832,1.0,1,_antiCurl
Constraint_Test,MIP,roms/txla_hindcast_agg_full_2013_07_10.nc,"xLon: -96.50000, yLat: 25.00000","(1, 1)","[5, 9]",,1.2406217229552454,0.009734153747558594,1.0,1,_antiCurl
Constraint_Test,MIP,roms/txla_hindcast_agg_full_2013_07_10.nc,"xLon: -96.50000, yLat: 25.00000","(1, 1)","[9, 1]",,0.2707488011485269,0.01534104347229004,1.0,1,_antiCurl
Constraint_Test,MIP,roms/txla_hindcast_agg_full_2013_07_10.nc,"xLon: -96.50000, yLat: 25.00000","(1, 1)","[9, 5]",,0.5507498555831415,0.030567169189453125,1.0,1,_antiCurl
Constraint_Test,MIP,roms/txla_hindcast_agg_full_2013_07_10.nc,"xLon: -96.50000, yLat: 25.00000","(1, 1)","[9, 9]",,0.8917518726419639,0.012305974960327148,1.0,1,_antiCurl
Constraint_Test,MIP,roms/txla_hindcast_agg_full_2013_07_10.nc,"xLon: -96.50000, yLat: 25.00000","(1, 1)","[1, 1]",,2.5562754336752547,0.05987000465393065,2.0,1,_antiCurl
Constraint_Test,MIP,roms/txla_hindcast_agg_full_2013_07_10.nc,"xLon: -96.50000, yLat: 25.00000","(1, 1)","[1, 5]",,3.292300317417657,0.011591911315917969,2.0,1,_antiCurl
Constraint_Test,MIP,roms/txla_hindcast_agg_full_2013_07_10.nc,"xLon: -96.50000, yLat: 25.00000","(1, 1)","[1, 9]",,3.7141330750929766,0.0574331283569336,2.0,1,_antiCurl
Constraint_Test,MIP,roms/txla_hindcast_agg_full_2013_07_10.nc,"xLon: -96.50000, yLat: 25.00000","(1, 1)","[5, 1]",,1.7215088731509325,0.045098066329956055,2.0,1,_antiCurl
Constraint_Test,MIP,roms/txla_hindcast_agg_full_2013_07_10.nc,"xLon: -96.50000, yLat: 25.00000","(1, 1)","[5, 5]",,2.2560235449063373,0.030047178268432617,2.0,1,_antiCurl
Constraint_Test,MIP,roms/txla_hindcast_agg_full_2013_07_10.nc,"xLon: -96.50000, yLat: 25.00000","(1, 1)","[5, 9]",,2.6901917772690274,0.015172958374023438,2.0,1,_antiCurl
Constraint_Test,MIP,roms/txla_hindcast_agg_full_2013_07_10.nc,"xLon: -96.50000, yLat: 25.00000","(1, 1)","[9, 1]",,0.8886892108967189,0.02800607681274414,2.0,1,_antiCurl
Constraint_Test,MIP,roms/txla_hindcast_agg_full_2013_07_10.nc,"xLon: -96.50000, yLat: 25.00000","(1, 1)","[9, 5]",,1.5207940051747695,0.061267852783203125,2.0,1,_antiCurl
Constraint_Test,MIP,roms/txla_hindcast_agg_full_2013_07_10.nc,"xLon: -96.50000, yLat: 25.00000","(1, 1)","[9, 9]",,2.053787906305286,0.030698060989379883,2.0,1,_antiCurl
Constraint_Test,MIP,roms/txla_hindcast_agg_full_2013_07_10.nc,"xLon: -96.50000, yLat: 25.00000","(1, 1)","[1, 1]",,5.025445867006153,0.11267399787902832,4.0,1,_antiCurl
Constraint_Test,MIP,roms/txla_hindcast_agg_full_2013_07_10.nc,"xLon: -96.50000, yLat: 25.00000","(1, 1)","[1, 5]",,6.023088248785395,0.1538989543914795,4.0,1,_antiCurl
Constraint_Test,MIP,roms/txla_hindcast_agg_full_2013_07_10.nc,"xLon: -96.50000, yLat: 25.00000","(1, 1)","[1, 9]",,6.183303520176567,0.5770750045776367,4.0,1,_antiCurl
Constraint_Test,MIP,roms/txla_hindcast_agg_full_2013_07_10.nc,"xLon: -96.50000, yLat: 25.00000","(1, 1)","[5, 1]",,4.110279674237879,0.0933079719543457,4.0,1,_antiCurl
Constraint_Test,MIP,roms/txla_hindcast_agg_full_2013_07_10.nc,"xLon: -96.50000, yLat: 25.00000","(1, 1)","[5, 5]",,5.020802232594821,0.09447717666625977,4.0,1,_antiCurl
Constraint_Test,MIP,roms/txla_hindcast_agg_full_2013_07_10.nc,"xLon: -96.50000, yLat: 25.00000","(1, 1)","[5, 9]",,5.442071719884808,0.09952902793884276,4.0,1,_antiCurl
Constraint_Test,MIP,roms/txla_hindcast_agg_full_2013_07_10.nc,"xLon: -96.50000, yLat: 25.00000","(1, 1)","[9, 1]",,2.420812705190541,0.0628499984741211,4.0,1,_antiCurl
Constraint_Test,MIP,roms/txla_hindcast_agg_full_2013_07_10.nc,"xLon: -96.50000, yLat: 25.00000","(1, 1)","[9, 5]",,3.460285431990567,0.13146495819091794,4.0,1,_antiCurl
Constraint_Test,MIP,roms/txla_hindcast_agg_full_2013_07_10.nc,"xLon: -96.50000, yLat: 25.00000","(1, 1)","[9, 9]",,4.018219257940406,0.05753493309020996,4.0,1,_antiCurl
Constraint_Test,MIP,roms/txla_hindcast_agg_full_2013_07_10.nc,"xLon: -96.50000, yLat: 25.00000","(1, 1)","[1, 1]",,10.093257271988413,1.7129349708557131,8.0,1,_antiCurl
Constraint_Test,MIP,roms/txla_hindcast_agg_full_2013_07_10.nc,"xLon: -96.50000, yLat: 25.00000","(1, 1)","[1, 5]",,10.82280399338094,8.294039964675902,8.0,1,_antiCurl
Constraint_Test,MIP,roms/txla_hindcast_agg_full_2013_07_10.nc,"xLon: -96.50000, yLat: 25.00000","(1, 1)","[1, 9]",,10.593642878223928,41.1715099811554,8.0,1,_antiCurl
Constraint_Test,MIP,roms/txla_hindcast_agg_full_2013_07_10.nc,"xLon: -96.50000, yLat: 25.00000","(1, 1)","[5, 1]",,9.178091369855402,1.844775915145874,8.0,1,_antiCurl
Constraint_Test,MIP,roms/txla_hindcast_agg_full_2013_07_10.nc,"xLon: -96.50000, yLat: 25.00000","(1, 1)","[5, 5]",,9.889922554336742,4.792279005050659,8.0,1,_antiCurl
Constraint_Test,MIP,roms/txla_hindcast_agg_full_2013_07_10.nc,"xLon: -96.50000, yLat: 25.00000","(1, 1)","[5, 9]",,10.41300487540616,4.522096157073975,8.0,1,_antiCurl
Constraint_Test,MIP,roms/txla_hindcast_agg_full_2013_07_10.nc,"xLon: -96.50000, yLat: 25.00000","(1, 1)","[9, 1]",,7.5841274408641635,1.0849950313568115,8.0,1,_antiCurl
Constraint_Test,MIP,roms/txla_hindcast_agg_full_2013_07_10.nc,"xLon: -96.50000, yLat: 25.00000","(1, 1)","[9, 5]",,8.635152454001252,0.8145520687103271,8.0,1,_antiCurl
Constraint_Test,MIP,roms/txla_hindcast_agg_full_2013_07_10.nc,"xLon: -96.50000, yLat: 25.00000","(1, 1)","[9, 9]",,9.193086184440308,0.4391980171203613,8.0,1,_antiCurl
Constraint_Test,MIP,roms/txla_hindcast_agg_full_2013_07_10.nc,"xLon: -96.50000, yLat: 25.00000","(1, 1)","[1, 1]",,1.1609487196797255,0.006609916687011719,1.0,1,_forceCurl
Constraint_Test,MIP,roms/txla_hindcast_agg_full_2013_07_10.nc,"xLon: -96.50000, yLat: 25.00000","(1, 1)","[1, 5]",,1.5249552601361624,0.004209041595458984,1.0,1,_forceCurl
Constraint_Test,MIP,roms/txla_hindcast_agg_full_2013_07_10.nc,"xLon: -96.50000, yLat: 25.00000","(1, 1)","[1, 9]",,1.86106895420378,0.004197835922241211,1.0,1,_forceCurl
Constraint_Test,MIP,roms/txla_hindcast_agg_full_2013_07_10.nc,"xLon: -96.50000, yLat: 25.00000","(1, 1)","[5, 1]",,0.6774744644481472,0.01455807685852051,1.0,1,_forceCurl
Constraint_Test,MIP,roms/txla_hindcast_agg_full_2013_07_10.nc,"xLon: -96.50000, yLat: 25.00000","(1, 1)","[5, 5]",,0.9262164380646483,0.018132925033569336,1.0,1,_forceCurl
Constraint_Test,MIP,roms/txla_hindcast_agg_full_2013_07_10.nc,"xLon: -96.50000, yLat: 25.00000","(1, 1)","[5, 9]",,1.2406217229552454,0.007238864898681641,1.0,1,_forceCurl
Constraint_Test,MIP,roms/txla_hindcast_agg_full_2013_07_10.nc,"xLon: -96.50000, yLat: 25.00000","(1, 1)","[9, 1]",,0.2707488011485269,0.014163970947265625,1.0,1,_forceCurl
Constraint_Test,MIP,roms/txla_hindcast_agg_full_2013_07_10.nc,"xLon: -96.50000, yLat: 25.00000","(1, 1)","[9, 5]",,0.5507498555831415,0.025317907333374023,1.0,1,_forceCurl
Constraint_Test,MIP,roms/txla_hindcast_agg_full_2013_07_10.nc,"xLon: -96.50000, yLat: 25.00000","(1, 1)","[9, 9]",,0.8917518726419639,0.01272296905517578,1.0,1,_forceCurl
Constraint_Test,MIP,roms/txla_hindcast_agg_full_2013_07_10.nc,"xLon: -96.50000, yLat: 25.00000","(1, 1)","[1, 1]",,2.447470627330697,0.03859996795654297,2.0,1,_forceCurl
Constraint_Test,MIP,roms/txla_hindcast_agg_full_2013_07_10.nc,"xLon: -96.50000, yLat: 25.00000","(1, 1)","[1, 5]",,3.170024127896197,0.04087090492248535,2.0,1,_forceCurl
Constraint_Test,MIP,roms/txla_hindcast_agg_full_2013_07_10.nc,"xLon: -96.50000, yLat: 25.00000","(1, 1)","[1, 9]",,3.7141330750929766,0.1454768180847168,2.0,1,_forceCurl
Constraint_Test,MIP,roms/txla_hindcast_agg_full_2013_07_10.nc,"xLon: -96.50000, yLat: 25.00000","(1, 1)","[5, 1]",,1.570848597259171,0.027647972106933597,2.0,1,_forceCurl
Constraint_Test,MIP,roms/txla_hindcast_agg_full_2013_07_10.nc,"xLon: -96.50000, yLat: 25.00000","(1, 1)","[5, 5]",,2.1214564317000546,0.03773212432861328,2.0,1,_forceCurl
Constraint_Test,MIP,roms/txla_hindcast_agg_full_2013_07_10.nc,"xLon: -96.50000, yLat: 25.00000","(1, 1)","[5, 9]",,2.5995940931214183,0.04826092720031738,2.0,1,_forceCurl
Constraint_Test,MIP,roms/txla_hindcast_agg_full_2013_07_10.nc,"xLon: -96.50000, yLat: 25.00000","(1, 1)","[9, 1]",,0.7632540189573233,0.024226903915405273,2.0,1,_forceCurl
Constraint_Test,MIP,roms/txla_hindcast_agg_full_2013_07_10.nc,"xLon: -96.50000, yLat: 25.00000","(1, 1)","[9, 5]",,1.3500171362746913,0.055588960647583015,2.0,1,_forceCurl
Constraint_Test,MIP,roms/txla_hindcast_agg_full_2013_07_10.nc,"xLon: -96.50000, yLat: 25.00000","(1, 1)","[9, 9]",,1.9474337553886998,0.05161309242248535,2.0,1,_forceCurl
Constraint_Test,MIP,roms/txla_hindcast_agg_full_2013_07_10.nc,"xLon: -96.50000, yLat: 25.00000","(1, 1)","[1, 1]",,4.655104347110558,0.2523448467254639,4.0,1,_forceCurl
Constraint_Test,MIP,roms/txla_hindcast_agg_full_2013_07_10.nc,"xLon: -96.50000, yLat: 25.00000","(1, 1)","[1, 5]",,5.881419515545254,0.19183993339538571,4.0,1,_forceCurl
Constraint_Test,MIP,roms/txla_hindcast_agg_full_2013_07_10.nc,"xLon: -96.50000, yLat: 25.00000","(1, 1)","[1, 9]",,6.276378665756401,0.6748549938201904,4.0,1,_forceCurl
Constraint_Test,MIP,roms/txla_hindcast_agg_full_2013_07_10.nc,"xLon: -96.50000, yLat: 25.00000","(1, 1)","[5, 1]",,3.5073306675255815,0.0932919979095459,4.0,1,_forceCurl
Constraint_Test,MIP,roms/txla_hindcast_agg_full_2013_07_10.nc,"xLon: -96.50000, yLat: 25.00000","(1, 1)","[5, 5]",,4.521669519646347,0.10503196716308594,4.0,1,_forceCurl
Constraint_Test,MIP,roms/txla_hindcast_agg_full_2013_07_10.nc,"xLon: -96.50000, yLat: 25.00000","(1, 1)","[5, 9]",,5.094548619895294,0.09528207778930664,4.0,1,_forceCurl
Constraint_Test,MIP,roms/txla_hindcast_agg_full_2013_07_10.nc,"xLon: -96.50000, yLat: 25.00000","(1, 1)","[9, 1]",,1.9336515557845377,0.09575605392456056,4.0,1,_forceCurl
Constraint_Test,MIP,roms/txla_hindcast_agg_full_2013_07_10.nc,"xLon: -96.50000, yLat: 25.00000","(1, 1)","[9, 5]",,3.057083057550364,0.14052915573120114,4.0,1,_forceCurl
Constraint_Test,MIP,roms/txla_hindcast_agg_full_2013_07_10.nc,"xLon: -96.50000, yLat: 25.00000","(1, 1)","[9, 9]",,3.76297118149882,0.3342080116271973,4.0,1,_forceCurl
Constraint_Test,MIP,roms/txla_hindcast_agg_full_2013_07_10.nc,"xLon: -96.50000, yLat: 25.00000","(1, 1)","[1, 1]",,9.835670296726438,0.7357549667358398,8.0,1,_forceCurl
Constraint_Test,MIP,roms/txla_hindcast_agg_full_2013_07_10.nc,"xLon: -96.50000, yLat: 25.00000","(1, 1)","[1, 5]",,10.853222429955919,857.8118879795074,8.0,1,_forceCurl
Constraint_Test,MIP,roms/txla_hindcast_agg_full_2013_07_10.nc,"xLon: -96.50000, yLat: 25.00000","(1, 1)","[1, 9]",,10.890169913970663,671.1226150989532,8.0,1,_forceCurl
Constraint_Test,MIP,roms/txla_hindcast_agg_full_2013_07_10.nc,"xLon: -96.50000, yLat: 25.00000","(1, 1)","[5, 1]",,8.655557965205503,0.702800989151001,8.0,1,_forceCurl
Constraint_Test,MIP,roms/txla_hindcast_agg_full_2013_07_10.nc,"xLon: -96.50000, yLat: 25.00000","(1, 1)","[5, 5]",,9.90025191956125,7.378197908401488,8.0,1,_forceCurl
Constraint_Test,MIP,roms/txla_hindcast_agg_full_2013_07_10.nc,"xLon: -96.50000, yLat: 25.00000","(1, 1)","[5, 9]",,10.45077540695349,13.799424886703491,8.0,1,_forceCurl
Constraint_Test,MIP,roms/txla_hindcast_agg_full_2013_07_10.nc,"xLon: -96.50000, yLat: 25.00000","(1, 1)","[9, 1]",,6.029849565361541,0.21608400344848636,8.0,1,_forceCurl
Constraint_Test,MIP,roms/txla_hindcast_agg_full_2013_07_10.nc,"xLon: -96.50000, yLat: 25.00000","(1, 1)","[9, 5]",,7.551809112443568,0.3927619457244873,8.0,1,_forceCurl
Constraint_Test,MIP,roms/txla_hindcast_agg_full_2013_07_10.nc,"xLon: -96.50000, yLat: 25.00000","(1, 1)","[9, 9]",,8.268302377595752,0.5128140449523926,8.0,1,_forceCurl
Constraint_Test,MIP,roms/txla_hindcast_agg_full_2013_07_10.nc,"xLon: -96.50000, yLat: 25.00000","(1, 1)","[1, 1]",,1.1609487196797255,0.005851030349731445,1.0,1,
Constraint_Test,MIP,roms/txla_hindcast_agg_full_2013_07_10.nc,"xLon: -96.50000, yLat: 25.00000","(1, 1)","[1, 5]",,1.5249552601361624,0.005003929138183594,1.0,1,
Constraint_Test,MIP,roms/txla_hindcast_agg_full_2013_07_10.nc,"xLon: -96.50000, yLat: 25.00000","(1, 1)","[1, 9]",,1.86106895420378,0.00425410270690918,1.0,1,
Constraint_Test,MIP,roms/txla_hindcast_agg_full_2013_07_10.nc,"xLon: -96.50000, yLat: 25.00000","(1, 1)","[5, 1]",,0.6774744644481472,0.012246131896972656,1.0,1,
Constraint_Test,MIP,roms/txla_hindcast_agg_full_2013_07_10.nc,"xLon: -96.50000, yLat: 25.00000","(1, 1)","[5, 5]",,0.9262164380646483,0.012687206268310549,1.0,1,
Constraint_Test,MIP,roms/txla_hindcast_agg_full_2013_07_10.nc,"xLon: -96.50000, yLat: 25.00000","(1, 1)","[5, 9]",,1.2406217229552454,0.007030010223388672,1.0,1,
Constraint_Test,MIP,roms/txla_hindcast_agg_full_2013_07_10.nc,"xLon: -96.50000, yLat: 25.00000","(1, 1)","[9, 1]",,0.2707488011485269,0.01399517059326172,1.0,1,
Constraint_Test,MIP,roms/txla_hindcast_agg_full_2013_07_10.nc,"xLon: -96.50000, yLat: 25.00000","(1, 1)","[9, 5]",,0.5507498555831415,0.022485971450805664,1.0,1,
Constraint_Test,MIP,roms/txla_hindcast_agg_full_2013_07_10.nc,"xLon: -96.50000, yLat: 25.00000","(1, 1)","[9, 9]",,0.8917518726419639,0.011665105819702148,1.0,1,
Constraint_Test,MIP,roms/txla_hindcast_agg_full_2013_07_10.nc,"xLon: -96.50000, yLat: 25.00000","(1, 1)","[1, 1]",,2.5562754336752542,0.02025985717773437,2.0,1,
Constraint_Test,MIP,roms/txla_hindcast_agg_full_2013_07_10.nc,"xLon: -96.50000, yLat: 25.00000","(1, 1)","[1, 5]",,3.292300317418739,0.01012587547302246,2.0,1,
Constraint_Test,MIP,roms/txla_hindcast_agg_full_2013_07_10.nc,"xLon: -96.50000, yLat: 25.00000","(1, 1)","[1, 9]",,3.810603558762266,0.017772912979125977,2.0,1,
Constraint_Test,MIP,roms/txla_hindcast_agg_full_2013_07_10.nc,"xLon: -96.50000, yLat: 25.00000","(1, 1)","[5, 1]",,1.7215088731509325,0.04900789260864258,2.0,1,
Constraint_Test,MIP,roms/txla_hindcast_agg_full_2013_07_10.nc,"xLon: -96.50000, yLat: 25.00000","(1, 1)","[5, 5]",,2.256023544906336,0.032933950424194336,2.0,1,
Constraint_Test,MIP,roms/txla_hindcast_agg_full_2013_07_10.nc,"xLon: -96.50000, yLat: 25.00000","(1, 1)","[5, 9]",,2.6901917772690274,0.008774995803833008,2.0,1,
Constraint_Test,MIP,roms/txla_hindcast_agg_full_2013_07_10.nc,"xLon: -96.50000, yLat: 25.00000","(1, 1)","[9, 1]",,0.8886892108967189,0.02354598045349121,2.0,1,
Constraint_Test,MIP,roms/txla_hindcast_agg_full_2013_07_10.nc,"xLon: -96.50000, yLat: 25.00000","(1, 1)","[9, 5]",,1.5207940051747704,0.04759979248046875,2.0,1,
Constraint_Test,MIP,roms/txla_hindcast_agg_full_2013_07_10.nc,"xLon: -96.50000, yLat: 25.00000","(1, 1)","[9, 9]",,2.053787906305286,0.01972484588623047,2.0,1,
Constraint_Test,MIP,roms/txla_hindcast_agg_full_2013_07_10.nc,"xLon: -96.50000, yLat: 25.00000","(1, 1)","[1, 1]",,5.025445867006152,0.04465222358703613,4.0,1,
Constraint_Test,MIP,roms/txla_hindcast_agg_full_2013_07_10.nc,"xLon: -96.50000, yLat: 25.00000","(1, 1)","[1, 5]",,6.19136952653463,0.028490066528320312,4.0,1,
Constraint_Test,MIP,roms/txla_hindcast_agg_full_2013_07_10.nc,"xLon: -96.50000, yLat: 25.00000","(1, 1)","[1, 9]",,6.70967276787924,0.15880513191223145,4.0,1,
Constraint_Test,MIP,roms/txla_hindcast_agg_full_2013_07_10.nc,"xLon: -96.50000, yLat: 25.00000","(1, 1)","[5, 1]",,4.110279674237879,0.04406404495239258,4.0,1,
Constraint_Test,MIP,roms/txla_hindcast_agg_full_2013_07_10.nc,"xLon: -96.50000, yLat: 25.00000","(1, 1)","[5, 5]",,5.066627103668602,0.05117487907409668,4.0,1,
Constraint_Test,MIP,roms/txla_hindcast_agg_full_2013_07_10.nc,"xLon: -96.50000, yLat: 25.00000","(1, 1)","[5, 9]",,5.522911603944379,0.0779261589050293,4.0,1,
Constraint_Test,MIP,roms/txla_hindcast_agg_full_2013_07_10.nc,"xLon: -96.50000, yLat: 25.00000","(1, 1)","[9, 1]",,2.420812705190541,0.0405888557434082,4.0,1,
Constraint_Test,MIP,roms/txla_hindcast_agg_full_2013_07_10.nc,"xLon: -96.50000, yLat: 25.00000","(1, 1)","[9, 5]",,3.460285431990567,0.04983901977539063,4.0,1,
Constraint_Test,MIP,roms/txla_hindcast_agg_full_2013_07_10.nc,"xLon: -96.50000, yLat: 25.00000","(1, 1)","[9, 9]",,4.018219257940407,0.03636002540588379,4.0,1,
Constraint_Test,MIP,roms/txla_hindcast_agg_full_2013_07_10.nc,"xLon: -96.50000, yLat: 25.00000","(1, 1)","[1, 1]",,10.77757919701233,0.1340038776397705,8.0,1,
Constraint_Test,MIP,roms/txla_hindcast_agg_full_2013_07_10.nc,"xLon: -96.50000, yLat: 25.00000","(1, 1)","[1, 5]",,12.039973340210087,0.26299190521240234,8.0,1,
Constraint_Test,MIP,roms/txla_hindcast_agg_full_2013_07_10.nc,"xLon: -96.50000, yLat: 25.00000","(1, 1)","[1, 9]",,12.558276581554699,0.4201979637145996,8.0,1,
Constraint_Test,MIP,roms/txla_hindcast_agg_full_2013_07_10.nc,"xLon: -96.50000, yLat: 25.00000","(1, 1)","[5, 1]",,9.862413004244049,0.12145495414733888,8.0,1,
Constraint_Test,MIP,roms/txla_hindcast_agg_full_2013_07_10.nc,"xLon: -96.50000, yLat: 25.00000","(1, 1)","[5, 5]",,10.915230917344063,0.3847620487213135,8.0,1,
Constraint_Test,MIP,roms/txla_hindcast_agg_full_2013_07_10.nc,"xLon: -96.50000, yLat: 25.00000","(1, 1)","[5, 9]",,11.371515430380882,0.3210010528564453,8.0,1,
Constraint_Test,MIP,roms/txla_hindcast_agg_full_2013_07_10.nc,"xLon: -96.50000, yLat: 25.00000","(1, 1)","[9, 1]",,7.90485091912381,0.16338491439819336,8.0,1,
Constraint_Test,MIP,roms/txla_hindcast_agg_full_2013_07_10.nc,"xLon: -96.50000, yLat: 25.00000","(1, 1)","[9, 5]",,8.993240213677636,0.21445894241333008,8.0,1,
Constraint_Test,MIP,roms/txla_hindcast_agg_full_2013_07_10.nc,"xLon: -96.50000, yLat: 25.00000","(1, 1)","[9, 9]",,9.551174039627478,0.2157149314880371,8.0,1,
Constraint_Test,Greedy,roms/txla_hindcast_agg_full_2013_07_10.nc,"xLon: -96.50000, yLat: 25.00000","(1, 1)","[1, 1]",,1.121565,7.224082946777344e-05,1.0,1,_nsew
Constraint_Test,MCTS,roms/txla_hindcast_agg_full_2013_07_10.nc,"xLon: -96.50000, yLat: 25.00000","(1, 1)","[1, 1]",,1.121565,0.9420363903045654,1.0,1,_nsew
Constraint_Test,Greedy,roms/txla_hindcast_agg_full_2013_07_10.nc,"xLon: -96.50000, yLat: 25.00000","(1, 1)","[1, 5]",,1.482107,6.890296936035156e-05,1.0,1,_nsew
Constraint_Test,MCTS,roms/txla_hindcast_agg_full_2013_07_10.nc,"xLon: -96.50000, yLat: 25.00000","(1, 1)","[1, 5]",,1.482107,0.958174467086792,1.0,1,_nsew
Constraint_Test,Greedy,roms/txla_hindcast_agg_full_2013_07_10.nc,"xLon: -96.50000, yLat: 25.00000","(1, 1)","[1, 9]",,1.810604,0.00011920928955078125,1.0,1,_nsew
Constraint_Test,MCTS,roms/txla_hindcast_agg_full_2013_07_10.nc,"xLon: -96.50000, yLat: 25.00000","(1, 1)","[1, 9]",,1.810604,0.9050300121307372,1.0,1,_nsew
Constraint_Test,Greedy,roms/txla_hindcast_agg_full_2013_07_10.nc,"xLon: -96.50000, yLat: 25.00000","(1, 1)","[5, 1]",,0.643659,6.890296936035156e-05,1.0,1,_nsew
Constraint_Test,MCTS,roms/txla_hindcast_agg_full_2013_07_10.nc,"xLon: -96.50000, yLat: 25.00000","(1, 1)","[5, 1]",,0.643659,0.8874166011810303,1.0,1,_nsew
Constraint_Test,Greedy,roms/txla_hindcast_agg_full_2013_07_10.nc,"xLon: -96.50000, yLat: 25.00000","(1, 1)","[5, 5]",,0.905902,6.556510925292969e-05,1.0,1,_nsew
Constraint_Test,MCTS,roms/txla_hindcast_agg_full_2013_07_10.nc,"xLon: -96.50000, yLat: 25.00000","(1, 1)","[5, 5]",,0.905902,0.9052026271820068,1.0,1,_nsew
Constraint_Test,Greedy,roms/txla_hindcast_agg_full_2013_07_10.nc,"xLon: -96.50000, yLat: 25.00000","(1, 1)","[5, 9]",,1.213123,9.012222290039062e-05,1.0,1,_nsew
Constraint_Test,MCTS,roms/txla_hindcast_agg_full_2013_07_10.nc,"xLon: -96.50000, yLat: 25.00000","(1, 1)","[5, 9]",,1.213123,0.8500146865844727,1.0,1,_nsew
Constraint_Test,Greedy,roms/txla_hindcast_agg_full_2013_07_10.nc,"xLon: -96.50000, yLat: 25.00000","(1, 1)","[9, 1]",,0.226470,7.081031799316406e-05,1.0,1,_nsew
Constraint_Test,MCTS,roms/txla_hindcast_agg_full_2013_07_10.nc,"xLon: -96.50000, yLat: 25.00000","(1, 1)","[9, 1]",,0.226470,0.8613021373748779,1.0,1,_nsew
Constraint_Test,Greedy,roms/txla_hindcast_agg_full_2013_07_10.nc,"xLon: -96.50000, yLat: 25.00000","(1, 1)","[9, 5]",,0.506902,6.818771362304688e-05,1.0,1,_nsew
Constraint_Test,MCTS,roms/txla_hindcast_agg_full_2013_07_10.nc,"xLon: -96.50000, yLat: 25.00000","(1, 1)","[9, 5]",,0.506902,0.8784551620483398,1.0,1,_nsew
Constraint_Test,Greedy,roms/txla_hindcast_agg_full_2013_07_10.nc,"xLon: -96.50000, yLat: 25.00000","(1, 1)","[9, 9]",,0.848117,6.985664367675781e-05,1.0,1,_nsew
Constraint_Test,MCTS,roms/txla_hindcast_agg_full_2013_07_10.nc,"xLon: -96.50000, yLat: 25.00000","(1, 1)","[9, 9]",,0.848117,0.8505394458770752,1.0,1,_nsew
Constraint_Test,Greedy,roms/txla_hindcast_agg_full_2013_07_10.nc,"xLon: -96.50000, yLat: 25.00000","(1, 1)","[1, 1]",,2.416990,0.00013303756713867188,2.0,1,_nsew
Constraint_Test,MCTS,roms/txla_hindcast_agg_full_2013_07_10.nc,"xLon: -96.50000, yLat: 25.00000","(1, 1)","[1, 1]",,2.416990,3.8253426551818848,2.0,1,_nsew
Constraint_Test,Greedy,roms/txla_hindcast_agg_full_2013_07_10.nc,"xLon: -96.50000, yLat: 25.00000","(1, 1)","[1, 5]",,3.170024,0.00018715858459472656,2.0,1,_nsew
Constraint_Test,MCTS,roms/txla_hindcast_agg_full_2013_07_10.nc,"xLon: -96.50000, yLat: 25.00000","(1, 1)","[1, 5]",,3.170024,3.8985655307769775,2.0,1,_nsew
Constraint_Test,Greedy,roms/txla_hindcast_agg_full_2013_07_10.nc,"xLon: -96.50000, yLat: 25.00000","(1, 1)","[1, 9]",,3.693789,0.00013208389282226562,2.0,1,_nsew
Constraint_Test,MCTS,roms/txla_hindcast_agg_full_2013_07_10.nc,"xLon: -96.50000, yLat: 25.00000","(1, 1)","[1, 9]",,3.577949,3.7320382595062256,2.0,1,_nsew
Constraint_Test,Greedy,roms/txla_hindcast_agg_full_2013_07_10.nc,"xLon: -96.50000, yLat: 25.00000","(1, 1)","[5, 1]",,1.522075,0.00015807151794433594,2.0,1,_nsew
Constraint_Test,MCTS,roms/txla_hindcast_agg_full_2013_07_10.nc,"xLon: -96.50000, yLat: 25.00000","(1, 1)","[5, 1]",,1.522075,4.106450080871582,2.0,1,_nsew
Constraint_Test,Greedy,roms/txla_hindcast_agg_full_2013_07_10.nc,"xLon: -96.50000, yLat: 25.00000","(1, 1)","[5, 5]",,2.101801,0.00016379356384277344,2.0,1,_nsew
Constraint_Test,MCTS,roms/txla_hindcast_agg_full_2013_07_10.nc,"xLon: -96.50000, yLat: 25.00000","(1, 1)","[5, 5]",,2.101801,4.290933847427368,2.0,1,_nsew
Constraint_Test,Greedy,roms/txla_hindcast_agg_full_2013_07_10.nc,"xLon: -96.50000, yLat: 25.00000","(1, 1)","[5, 9]",,2.611027,0.00014543533325195312,2.0,1,_nsew
Constraint_Test,MCTS,roms/txla_hindcast_agg_full_2013_07_10.nc,"xLon: -96.50000, yLat: 25.00000","(1, 1)","[5, 9]",,2.611027,3.9748346805572514,2.0,1,_nsew
Constraint_Test,Greedy,roms/txla_hindcast_agg_full_2013_07_10.nc,"xLon: -96.50000, yLat: 25.00000","(1, 1)","[9, 1]",,0.634231,0.0001506805419921875,2.0,1,_nsew
Constraint_Test,MCTS,roms/txla_hindcast_agg_full_2013_07_10.nc,"xLon: -96.50000, yLat: 25.00000","(1, 1)","[9, 1]",,0.646088,4.189838171005248,2.0,1,_nsew
Constraint_Test,Greedy,roms/txla_hindcast_agg_full_2013_07_10.nc,"xLon: -96.50000, yLat: 25.00000","(1, 1)","[9, 5]",,1.219198,0.00027251243591308594,2.0,1,_nsew
Constraint_Test,MCTS,roms/txla_hindcast_agg_full_2013_07_10.nc,"xLon: -96.50000, yLat: 25.00000","(1, 1)","[9, 5]",,1.219198,3.9739701747894287,2.0,1,_nsew
Constraint_Test,Greedy,roms/txla_hindcast_agg_full_2013_07_10.nc,"xLon: -96.50000, yLat: 25.00000","(1, 1)","[9, 9]",,1.934647,0.00016117095947265625,2.0,1,_nsew
Constraint_Test,MCTS,roms/txla_hindcast_agg_full_2013_07_10.nc,"xLon: -96.50000, yLat: 25.00000","(1, 1)","[9, 9]",,1.934647,3.89497447013855,2.0,1,_nsew
Constraint_Test,Greedy,roms/txla_hindcast_agg_full_2013_07_10.nc,"xLon: -96.50000, yLat: 25.00000","(1, 1)","[1, 1]",,4.747871,0.00025773048400878906,4.0,1,_nsew
Constraint_Test,MCTS,roms/txla_hindcast_agg_full_2013_07_10.nc,"xLon: -96.50000, yLat: 25.00000","(1, 1)","[1, 1]",,4.747871,12.903388500213625,4.0,1,_nsew
Constraint_Test,Greedy,roms/txla_hindcast_agg_full_2013_07_10.nc,"xLon: -96.50000, yLat: 25.00000","(1, 1)","[1, 5]",,6.023088,0.00026559829711914057,4.0,1,_nsew
Constraint_Test,MCTS,roms/txla_hindcast_agg_full_2013_07_10.nc,"xLon: -96.50000, yLat: 25.00000","(1, 1)","[1, 5]",,5.884157,12.05728816986084,4.0,1,_nsew
Constraint_Test,Greedy,roms/txla_hindcast_agg_full_2013_07_10.nc,"xLon: -96.50000, yLat: 25.00000","(1, 1)","[1, 9]",,5.906191,0.0002377033233642578,4.0,1,_nsew
Constraint_Test,MCTS,roms/txla_hindcast_agg_full_2013_07_10.nc,"xLon: -96.50000, yLat: 25.00000","(1, 1)","[1, 9]",,5.921982,11.70926833152771,4.0,1,_nsew
Constraint_Test,Greedy,roms/txla_hindcast_agg_full_2013_07_10.nc,"xLon: -96.50000, yLat: 25.00000","(1, 1)","[5, 1]",,3.269264,0.0002813339233398437,4.0,1,_nsew
Constraint_Test,MCTS,roms/txla_hindcast_agg_full_2013_07_10.nc,"xLon: -96.50000, yLat: 25.00000","(1, 1)","[5, 1]",,3.269264,12.80143928527832,4.0,1,_nsew
Constraint_Test,Greedy,roms/txla_hindcast_agg_full_2013_07_10.nc,"xLon: -96.50000, yLat: 25.00000","(1, 1)","[5, 5]",,4.408010,0.0002913475036621094,4.0,1,_nsew
Constraint_Test,MCTS,roms/txla_hindcast_agg_full_2013_07_10.nc,"xLon: -96.50000, yLat: 25.00000","(1, 1)","[5, 5]",,4.408010,12.277348518371582,4.0,1,_nsew
Constraint_Test,Greedy,roms/txla_hindcast_agg_full_2013_07_10.nc,"xLon: -96.50000, yLat: 25.00000","(1, 1)","[5, 9]",,5.421631,0.000270843505859375,4.0,1,_nsew
Constraint_Test,MCTS,roms/txla_hindcast_agg_full_2013_07_10.nc,"xLon: -96.50000, yLat: 25.00000","(1, 1)","[5, 9]",,5.325160,11.587989091873169,4.0,1,_nsew
Constraint_Test,Greedy,roms/txla_hindcast_agg_full_2013_07_10.nc,"xLon: -96.50000, yLat: 25.00000","(1, 1)","[9, 1]",,1.631682,0.00034332275390625,4.0,1,_nsew
Constraint_Test,MCTS,roms/txla_hindcast_agg_full_2013_07_10.nc,"xLon: -96.50000, yLat: 25.00000","(1, 1)","[9, 1]",,1.631682,12.429455041885376,4.0,1,_nsew
Constraint_Test,Greedy,roms/txla_hindcast_agg_full_2013_07_10.nc,"xLon: -96.50000, yLat: 25.00000","(1, 1)","[9, 5]",,2.692115,0.00029850006103515625,4.0,1,_nsew
Constraint_Test,MCTS,roms/txla_hindcast_agg_full_2013_07_10.nc,"xLon: -96.50000, yLat: 25.00000","(1, 1)","[9, 5]",,2.608657,12.598505735397339,4.0,1,_nsew
Constraint_Test,Greedy,roms/txla_hindcast_agg_full_2013_07_10.nc,"xLon: -96.50000, yLat: 25.00000","(1, 1)","[9, 9]",,3.812371,0.00048041343688964844,4.0,1,_nsew
Constraint_Test,MCTS,roms/txla_hindcast_agg_full_2013_07_10.nc,"xLon: -96.50000, yLat: 25.00000","(1, 1)","[9, 9]",,3.807873,11.727466821670532,4.0,1,_nsew
Constraint_Test,Greedy,roms/txla_hindcast_agg_full_2013_07_10.nc,"xLon: -96.50000, yLat: 25.00000","(1, 1)","[1, 1]",,10.209005,0.0005667209625244142,8.0,1,_nsew
Constraint_Test,MCTS,roms/txla_hindcast_agg_full_2013_07_10.nc,"xLon: -96.50000, yLat: 25.00000","(1, 1)","[1, 1]",,9.919579,44.607735395431526,8.0,1,_nsew
Constraint_Test,Greedy,roms/txla_hindcast_agg_full_2013_07_10.nc,"xLon: -96.50000, yLat: 25.00000","(1, 1)","[1, 5]",,10.771808,0.0005609989166259767,8.0,1,_nsew
Constraint_Test,MCTS,roms/txla_hindcast_agg_full_2013_07_10.nc,"xLon: -96.50000, yLat: 25.00000","(1, 1)","[1, 5]",,10.317542,45.10102200508118,8.0,1,_nsew
Constraint_Test,Greedy,roms/txla_hindcast_agg_full_2013_07_10.nc,"xLon: -96.50000, yLat: 25.00000","(1, 1)","[1, 9]",,10.819662,0.0010068416595458984,8.0,1,_nsew
Constraint_Test,MCTS,roms/txla_hindcast_agg_full_2013_07_10.nc,"xLon: -96.50000, yLat: 25.00000","(1, 1)","[1, 9]",,10.163639,46.44200563430786,8.0,1,_nsew
Constraint_Test,Greedy,roms/txla_hindcast_agg_full_2013_07_10.nc,"xLon: -96.50000, yLat: 25.00000","(1, 1)","[5, 1]",,8.037291,0.0005667209625244142,8.0,1,_nsew
Constraint_Test,MCTS,roms/txla_hindcast_agg_full_2013_07_10.nc,"xLon: -96.50000, yLat: 25.00000","(1, 1)","[5, 1]",,7.893006,49.72822117805481,8.0,1,_nsew
Constraint_Test,Greedy,roms/txla_hindcast_agg_full_2013_07_10.nc,"xLon: -96.50000, yLat: 25.00000","(1, 1)","[5, 5]",,9.869144,0.0006225109100341798,8.0,1,_nsew
Constraint_Test,MCTS,roms/txla_hindcast_agg_full_2013_07_10.nc,"xLon: -96.50000, yLat: 25.00000","(1, 1)","[5, 5]",,9.579718,48.902962446212776,8.0,1,_nsew
Constraint_Test,Greedy,roms/txla_hindcast_agg_full_2013_07_10.nc,"xLon: -96.50000, yLat: 25.00000","(1, 1)","[5, 9]",,9.632110,0.001003265380859375,8.0,1,_nsew
Constraint_Test,MCTS,roms/txla_hindcast_agg_full_2013_07_10.nc,"xLon: -96.50000, yLat: 25.00000","(1, 1)","[5, 9]",,10.072154,43.682889223098755,8.0,1,_nsew
Constraint_Test,Greedy,roms/txla_hindcast_agg_full_2013_07_10.nc,"xLon: -96.50000, yLat: 25.00000","(1, 1)","[9, 1]",,5.152827,0.0012054443359375,8.0,1,_nsew
Constraint_Test,MCTS,roms/txla_hindcast_agg_full_2013_07_10.nc,"xLon: -96.50000, yLat: 25.00000","(1, 1)","[9, 1]",,4.304106,45.74647903442383,8.0,1,_nsew
Constraint_Test,Greedy,roms/txla_hindcast_agg_full_2013_07_10.nc,"xLon: -96.50000, yLat: 25.00000","(1, 1)","[9, 5]",,6.600132,0.0006966590881347656,8.0,1,_nsew
Constraint_Test,MCTS,roms/txla_hindcast_agg_full_2013_07_10.nc,"xLon: -96.50000, yLat: 25.00000","(1, 1)","[9, 5]",,6.586873,45.48798084259033,8.0,1,_nsew
Constraint_Test,Greedy,roms/txla_hindcast_agg_full_2013_07_10.nc,"xLon: -96.50000, yLat: 25.00000","(1, 1)","[9, 9]",,8.998191,0.0005795955657958983,8.0,1,_nsew
Constraint_Test,MCTS,roms/txla_hindcast_agg_full_2013_07_10.nc,"xLon: -96.50000, yLat: 25.00000","(1, 1)","[9, 9]",,8.947725,43.39831280708313,8.0,1,_nsew
Constraint_Test,Greedy,roms/txla_hindcast_agg_full_2013_07_10.nc,"xLon: -96.50000, yLat: 25.00000","(1, 1)","[1, 1]",,1.160949,7.033348083496094e-05,1.0,1,_diag
Constraint_Test,MCTS,roms/txla_hindcast_agg_full_2013_07_10.nc,"xLon: -96.50000, yLat: 25.00000","(1, 1)","[1, 1]",,1.160949,0.8972439765930176,1.0,1,_diag
Constraint_Test,Greedy,roms/txla_hindcast_agg_full_2013_07_10.nc,"xLon: -96.50000, yLat: 25.00000","(1, 1)","[1, 5]",,1.524955,7.05718994140625e-05,1.0,1,_diag
Constraint_Test,MCTS,roms/txla_hindcast_agg_full_2013_07_10.nc,"xLon: -96.50000, yLat: 25.00000","(1, 1)","[1, 5]",,1.524955,0.8855690956115723,1.0,1,_diag
Constraint_Test,Greedy,roms/txla_hindcast_agg_full_2013_07_10.nc,"xLon: -96.50000, yLat: 25.00000","(1, 1)","[1, 9]",,1.861069,0.00010704994201660156,1.0,1,_diag
Constraint_Test,MCTS,roms/txla_hindcast_agg_full_2013_07_10.nc,"xLon: -96.50000, yLat: 25.00000","(1, 1)","[1, 9]",,1.764598,0.8070929050445557,1.0,1,_diag
Constraint_Test,Greedy,roms/txla_hindcast_agg_full_2013_07_10.nc,"xLon: -96.50000, yLat: 25.00000","(1, 1)","[5, 1]",,0.677474,7.033348083496094e-05,1.0,1,_diag
Constraint_Test,MCTS,roms/txla_hindcast_agg_full_2013_07_10.nc,"xLon: -96.50000, yLat: 25.00000","(1, 1)","[5, 1]",,0.677474,0.9074573516845704,1.0,1,_diag
Constraint_Test,Greedy,roms/txla_hindcast_agg_full_2013_07_10.nc,"xLon: -96.50000, yLat: 25.00000","(1, 1)","[5, 5]",,0.926216,6.914138793945312e-05,1.0,1,_diag
Constraint_Test,MCTS,roms/txla_hindcast_agg_full_2013_07_10.nc,"xLon: -96.50000, yLat: 25.00000","(1, 1)","[5, 5]",,0.926216,0.8935887813568115,1.0,1,_diag
Constraint_Test,Greedy,roms/txla_hindcast_agg_full_2013_07_10.nc,"xLon: -96.50000, yLat: 25.00000","(1, 1)","[5, 9]",,1.240622,0.000110626220703125,1.0,1,_diag
Constraint_Test,MCTS,roms/txla_hindcast_agg_full_2013_07_10.nc,"xLon: -96.50000, yLat: 25.00000","(1, 1)","[5, 9]",,1.173944,0.8261148929595947,1.0,1,_diag
Constraint_Test,Greedy,roms/txla_hindcast_agg_full_2013_07_10.nc,"xLon: -96.50000, yLat: 25.00000","(1, 1)","[9, 1]",,0.270749,7.104873657226562e-05,1.0,1,_diag
Constraint_Test,MCTS,roms/txla_hindcast_agg_full_2013_07_10.nc,"xLon: -96.50000, yLat: 25.00000","(1, 1)","[9, 1]",,0.270749,0.8301427364349365,1.0,1,_diag
Constraint_Test,Greedy,roms/txla_hindcast_agg_full_2013_07_10.nc,"xLon: -96.50000, yLat: 25.00000","(1, 1)","[9, 5]",,0.550750,7.128715515136719e-05,1.0,1,_diag
Constraint_Test,MCTS,roms/txla_hindcast_agg_full_2013_07_10.nc,"xLon: -96.50000, yLat: 25.00000","(1, 1)","[9, 5]",,0.550750,0.8854360580444336,1.0,1,_diag
Constraint_Test,Greedy,roms/txla_hindcast_agg_full_2013_07_10.nc,"xLon: -96.50000, yLat: 25.00000","(1, 1)","[9, 9]",,0.891752,8.20159912109375e-05,1.0,1,_diag
Constraint_Test,MCTS,roms/txla_hindcast_agg_full_2013_07_10.nc,"xLon: -96.50000, yLat: 25.00000","(1, 1)","[9, 9]",,0.804171,0.7868740558624268,1.0,1,_diag
Constraint_Test,Greedy,roms/txla_hindcast_agg_full_2013_07_10.nc,"xLon: -96.50000, yLat: 25.00000","(1, 1)","[1, 1]",,2.503197,0.000133514404296875,2.0,1,_diag
Constraint_Test,MCTS,roms/txla_hindcast_agg_full_2013_07_10.nc,"xLon: -96.50000, yLat: 25.00000","(1, 1)","[1, 1]",,2.503197,3.890058279037476,2.0,1,_diag
Constraint_Test,Greedy,roms/txla_hindcast_agg_full_2013_07_10.nc,"xLon: -96.50000, yLat: 25.00000","(1, 1)","[1, 5]",,3.207000,0.0001423358917236328,2.0,1,_diag
Constraint_Test,MCTS,roms/txla_hindcast_agg_full_2013_07_10.nc,"xLon: -96.50000, yLat: 25.00000","(1, 1)","[1, 5]",,3.207000,3.875553846359253,2.0,1,_diag
Constraint_Test,Greedy,roms/txla_hindcast_agg_full_2013_07_10.nc,"xLon: -96.50000, yLat: 25.00000","(1, 1)","[1, 9]",,_no_solution,0.00010633468627929688,2.0,1,_diag
Constraint_Test,MCTS,roms/txla_hindcast_agg_full_2013_07_10.nc,"xLon: -96.50000, yLat: 25.00000","(1, 1)","[1, 9]",,3.367216,3.83432412147522,2.0,1,_diag
Constraint_Test,Greedy,roms/txla_hindcast_agg_full_2013_07_10.nc,"xLon: -96.50000, yLat: 25.00000","(1, 1)","[5, 1]",,1.721509,0.0001518726348876953,2.0,1,_diag
Constraint_Test,MCTS,roms/txla_hindcast_agg_full_2013_07_10.nc,"xLon: -96.50000, yLat: 25.00000","(1, 1)","[5, 1]",,1.721509,4.049959421157837,2.0,1,_diag
Constraint_Test,Greedy,roms/txla_hindcast_agg_full_2013_07_10.nc,"xLon: -96.50000, yLat: 25.00000","(1, 1)","[5, 5]",,2.256024,0.00015664100646972656,2.0,1,_diag
Constraint_Test,MCTS,roms/txla_hindcast_agg_full_2013_07_10.nc,"xLon: -96.50000, yLat: 25.00000","(1, 1)","[5, 5]",,2.256024,4.703176259994507,2.0,1,_diag
Constraint_Test,Greedy,roms/txla_hindcast_agg_full_2013_07_10.nc,"xLon: -96.50000, yLat: 25.00000","(1, 1)","[5, 9]",,2.651425,0.0001423358917236328,2.0,1,_diag
Constraint_Test,MCTS,roms/txla_hindcast_agg_full_2013_07_10.nc,"xLon: -96.50000, yLat: 25.00000","(1, 1)","[5, 9]",,2.557946,3.8553874492645264,2.0,1,_diag
Constraint_Test,Greedy,roms/txla_hindcast_agg_full_2013_07_10.nc,"xLon: -96.50000, yLat: 25.00000","(1, 1)","[9, 1]",,0.888689,0.00015354156494140625,2.0,1,_diag
Constraint_Test,MCTS,roms/txla_hindcast_agg_full_2013_07_10.nc,"xLon: -96.50000, yLat: 25.00000","(1, 1)","[9, 1]",,0.888689,4.0551583766937265,2.0,1,_diag
Constraint_Test,Greedy,roms/txla_hindcast_agg_full_2013_07_10.nc,"xLon: -96.50000, yLat: 25.00000","(1, 1)","[9, 5]",,1.520794,0.000148773193359375,2.0,1,_diag
Constraint_Test,MCTS,roms/txla_hindcast_agg_full_2013_07_10.nc,"xLon: -96.50000, yLat: 25.00000","(1, 1)","[9, 5]",,1.520794,4.1336238384246835,2.0,1,_diag
Constraint_Test,Greedy,roms/txla_hindcast_agg_full_2013_07_10.nc,"xLon: -96.50000, yLat: 25.00000","(1, 1)","[9, 9]",,2.009723,0.00013470649719238279,2.0,1,_diag
Constraint_Test,MCTS,roms/txla_hindcast_agg_full_2013_07_10.nc,"xLon: -96.50000, yLat: 25.00000","(1, 1)","[9, 9]",,1.856363,3.862729549407959,2.0,1,_diag
Constraint_Test,Greedy,roms/txla_hindcast_agg_full_2013_07_10.nc,"xLon: -96.50000, yLat: 25.00000","(1, 1)","[1, 1]",,4.806668,0.00034546852111816406,4.0,1,_diag
Constraint_Test,MCTS,roms/txla_hindcast_agg_full_2013_07_10.nc,"xLon: -96.50000, yLat: 25.00000","(1, 1)","[1, 1]",,4.806668,11.75017762184143,4.0,1,_diag
Constraint_Test,Greedy,roms/txla_hindcast_agg_full_2013_07_10.nc,"xLon: -96.50000, yLat: 25.00000","(1, 1)","[1, 5]",,_no_solution,0.00022101402282714844,4.0,1,_diag
Constraint_Test,MCTS,roms/txla_hindcast_agg_full_2013_07_10.nc,"xLon: -96.50000, yLat: 25.00000","(1, 1)","[1, 5]",,5.452072,11.663026571273804,4.0,1,_diag
Constraint_Test,Greedy,roms/txla_hindcast_agg_full_2013_07_10.nc,"xLon: -96.50000, yLat: 25.00000","(1, 1)","[1, 9]",,_no_solution,0.0002231597900390625,4.0,1,_diag
Constraint_Test,MCTS,roms/txla_hindcast_agg_full_2013_07_10.nc,"xLon: -96.50000, yLat: 25.00000","(1, 1)","[1, 9]",,5.410318,12.06834101676941,4.0,1,_diag
Constraint_Test,Greedy,roms/txla_hindcast_agg_full_2013_07_10.nc,"xLon: -96.50000, yLat: 25.00000","(1, 1)","[5, 1]",,4.024980,0.0002758502960205078,4.0,1,_diag
Constraint_Test,MCTS,roms/txla_hindcast_agg_full_2013_07_10.nc,"xLon: -96.50000, yLat: 25.00000","(1, 1)","[5, 1]",,4.024980,12.38993215560913,4.0,1,_diag
Constraint_Test,Greedy,roms/txla_hindcast_agg_full_2013_07_10.nc,"xLon: -96.50000, yLat: 25.00000","(1, 1)","[5, 5]",,_no_solution,0.00025129318237304693,4.0,1,_diag
Constraint_Test,MCTS,roms/txla_hindcast_agg_full_2013_07_10.nc,"xLon: -96.50000, yLat: 25.00000","(1, 1)","[5, 5]",,4.361921,12.206133604049684,4.0,1,_diag
Constraint_Test,Greedy,roms/txla_hindcast_agg_full_2013_07_10.nc,"xLon: -96.50000, yLat: 25.00000","(1, 1)","[5, 9]",,_no_solution,0.0003960132598876953,4.0,1,_diag
Constraint_Test,MCTS,roms/txla_hindcast_agg_full_2013_07_10.nc,"xLon: -96.50000, yLat: 25.00000","(1, 1)","[5, 9]",,5.101060,12.298317432403564,4.0,1,_diag
Constraint_Test,Greedy,roms/txla_hindcast_agg_full_2013_07_10.nc,"xLon: -96.50000, yLat: 25.00000","(1, 1)","[9, 1]",,2.420813,0.0003027915954589844,4.0,1,_diag
Constraint_Test,MCTS,roms/txla_hindcast_agg_full_2013_07_10.nc,"xLon: -96.50000, yLat: 25.00000","(1, 1)","[9, 1]",,2.420813,12.561494827270508,4.0,1,_diag
Constraint_Test,Greedy,roms/txla_hindcast_agg_full_2013_07_10.nc,"xLon: -96.50000, yLat: 25.00000","(1, 1)","[9, 5]",,3.421518,0.0002739429473876953,4.0,1,_diag
Constraint_Test,MCTS,roms/txla_hindcast_agg_full_2013_07_10.nc,"xLon: -96.50000, yLat: 25.00000","(1, 1)","[9, 5]",,3.354840,12.55549144744873,4.0,1,_diag
Constraint_Test,Greedy,roms/txla_hindcast_agg_full_2013_07_10.nc,"xLon: -96.50000, yLat: 25.00000","(1, 1)","[9, 9]",,3.910447,0.0002505779266357422,4.0,1,_diag
Constraint_Test,MCTS,roms/txla_hindcast_agg_full_2013_07_10.nc,"xLon: -96.50000, yLat: 25.00000","(1, 1)","[9, 9]",,3.690409,12.127061128616333,4.0,1,_diag
Constraint_Test,Greedy,roms/txla_hindcast_agg_full_2013_07_10.nc,"xLon: -96.50000, yLat: 25.00000","(1, 1)","[1, 1]",,_no_solution,0.00048351287841796886,8.0,1,_diag
Constraint_Test,MCTS,roms/txla_hindcast_agg_full_2013_07_10.nc,"xLon: -96.50000, yLat: 25.00000","(1, 1)","[1, 1]",,9.145903,41.774828672409065,8.0,1,_diag
Constraint_Test,Greedy,roms/txla_hindcast_agg_full_2013_07_10.nc,"xLon: -96.50000, yLat: 25.00000","(1, 1)","[1, 5]",,_no_solution,0.0005617141723632811,8.0,1,_diag
Constraint_Test,MCTS,roms/txla_hindcast_agg_full_2013_07_10.nc,"xLon: -96.50000, yLat: 25.00000","(1, 1)","[1, 5]",,9.073693,41.15527367591858,8.0,1,_diag
Constraint_Test,Greedy,roms/txla_hindcast_agg_full_2013_07_10.nc,"xLon: -96.50000, yLat: 25.00000","(1, 1)","[1, 9]",,_no_solution,0.0004990100860595703,8.0,1,_diag
Constraint_Test,MCTS,roms/txla_hindcast_agg_full_2013_07_10.nc,"xLon: -96.50000, yLat: 25.00000","(1, 1)","[1, 9]",,8.954700,44.312024354934685,8.0,1,_diag
Constraint_Test,Greedy,roms/txla_hindcast_agg_full_2013_07_10.nc,"xLon: -96.50000, yLat: 25.00000","(1, 1)","[5, 1]",,_no_solution,0.0005300045013427733,8.0,1,_diag
Constraint_Test,MCTS,roms/txla_hindcast_agg_full_2013_07_10.nc,"xLon: -96.50000, yLat: 25.00000","(1, 1)","[5, 1]",,8.364214,44.041112661361694,8.0,1,_diag
Constraint_Test,Greedy,roms/txla_hindcast_agg_full_2013_07_10.nc,"xLon: -96.50000, yLat: 25.00000","(1, 1)","[5, 5]",,_no_solution,0.0005321502685546875,8.0,1,_diag
Constraint_Test,MCTS,roms/txla_hindcast_agg_full_2013_07_10.nc,"xLon: -96.50000, yLat: 25.00000","(1, 1)","[5, 5]",,8.811318,42.932848930358894,8.0,1,_diag
Constraint_Test,Greedy,roms/txla_hindcast_agg_full_2013_07_10.nc,"xLon: -96.50000, yLat: 25.00000","(1, 1)","[5, 9]",,_no_solution,0.0002884864807128906,8.0,1,_diag
Constraint_Test,MCTS,roms/txla_hindcast_agg_full_2013_07_10.nc,"xLon: -96.50000, yLat: 25.00000","(1, 1)","[5, 9]",,9.113241,41.648642301559455,8.0,1,_diag
Constraint_Test,Greedy,roms/txla_hindcast_agg_full_2013_07_10.nc,"xLon: -96.50000, yLat: 25.00000","(1, 1)","[9, 1]",,_no_solution,0.0005774497985839844,8.0,1,_diag
Constraint_Test,MCTS,roms/txla_hindcast_agg_full_2013_07_10.nc,"xLon: -96.50000, yLat: 25.00000","(1, 1)","[9, 1]",,7.212782,43.31733918190002,8.0,1,_diag
Constraint_Test,Greedy,roms/txla_hindcast_agg_full_2013_07_10.nc,"xLon: -96.50000, yLat: 25.00000","(1, 1)","[9, 5]",,_no_solution,0.0004634857177734375,8.0,1,_diag
Constraint_Test,MCTS,roms/txla_hindcast_agg_full_2013_07_10.nc,"xLon: -96.50000, yLat: 25.00000","(1, 1)","[9, 5]",,8.146810,42.323087215423584,8.0,1,_diag
Constraint_Test,Greedy,roms/txla_hindcast_agg_full_2013_07_10.nc,"xLon: -96.50000, yLat: 25.00000","(1, 1)","[9, 9]",,_no_solution,0.0004622936248779297,8.0,1,_diag
Constraint_Test,MCTS,roms/txla_hindcast_agg_full_2013_07_10.nc,"xLon: -96.50000, yLat: 25.00000","(1, 1)","[9, 9]",,8.482378,41.87424445152283,8.0,1,_diag
Constraint_Test,Greedy,roms/txla_hindcast_agg_full_2013_07_10.nc,"xLon: -96.50000, yLat: 25.00000","(1, 1)","[1, 1]",,1.160949,8.487701416015625e-05,1.0,1,
Constraint_Test,MCTS,roms/txla_hindcast_agg_full_2013_07_10.nc,"xLon: -96.50000, yLat: 25.00000","(1, 1)","[1, 1]",,1.160949,1.0280745029449463,1.0,1,
Constraint_Test,Greedy,roms/txla_hindcast_agg_full_2013_07_10.nc,"xLon: -96.50000, yLat: 25.00000","(1, 1)","[1, 5]",,1.524955,7.653236389160156e-05,1.0,1,
Constraint_Test,MCTS,roms/txla_hindcast_agg_full_2013_07_10.nc,"xLon: -96.50000, yLat: 25.00000","(1, 1)","[1, 5]",,1.524955,1.0058236122131348,1.0,1,
Constraint_Test,Greedy,roms/txla_hindcast_agg_full_2013_07_10.nc,"xLon: -96.50000, yLat: 25.00000","(1, 1)","[1, 9]",,1.861069,7.843971252441406e-05,1.0,1,
Constraint_Test,MCTS,roms/txla_hindcast_agg_full_2013_07_10.nc,"xLon: -96.50000, yLat: 25.00000","(1, 1)","[1, 9]",,1.810604,0.9013466835021972,1.0,1,
Constraint_Test,Greedy,roms/txla_hindcast_agg_full_2013_07_10.nc,"xLon: -96.50000, yLat: 25.00000","(1, 1)","[5, 1]",,0.677474,8.249282836914062e-05,1.0,1,
Constraint_Test,MCTS,roms/txla_hindcast_agg_full_2013_07_10.nc,"xLon: -96.50000, yLat: 25.00000","(1, 1)","[5, 1]",,0.677474,1.0794365406036377,1.0,1,
Constraint_Test,Greedy,roms/txla_hindcast_agg_full_2013_07_10.nc,"xLon: -96.50000, yLat: 25.00000","(1, 1)","[5, 5]",,0.926216,7.510185241699219e-05,1.0,1,
Constraint_Test,MCTS,roms/txla_hindcast_agg_full_2013_07_10.nc,"xLon: -96.50000, yLat: 25.00000","(1, 1)","[5, 5]",,0.926216,1.0192139148712158,1.0,1,
Constraint_Test,Greedy,roms/txla_hindcast_agg_full_2013_07_10.nc,"xLon: -96.50000, yLat: 25.00000","(1, 1)","[5, 9]",,1.240622,7.343292236328125e-05,1.0,1,
Constraint_Test,MCTS,roms/txla_hindcast_agg_full_2013_07_10.nc,"xLon: -96.50000, yLat: 25.00000","(1, 1)","[5, 9]",,1.213123,1.005195379257202,1.0,1,
Constraint_Test,Greedy,roms/txla_hindcast_agg_full_2013_07_10.nc,"xLon: -96.50000, yLat: 25.00000","(1, 1)","[9, 1]",,0.270749,8.058547973632812e-05,1.0,1,
Constraint_Test,MCTS,roms/txla_hindcast_agg_full_2013_07_10.nc,"xLon: -96.50000, yLat: 25.00000","(1, 1)","[9, 1]",,0.270749,0.9211807250976562,1.0,1,
Constraint_Test,Greedy,roms/txla_hindcast_agg_full_2013_07_10.nc,"xLon: -96.50000, yLat: 25.00000","(1, 1)","[9, 5]",,0.550750,0.00014901161193847656,1.0,1,
Constraint_Test,MCTS,roms/txla_hindcast_agg_full_2013_07_10.nc,"xLon: -96.50000, yLat: 25.00000","(1, 1)","[9, 5]",,0.550750,0.9784858226776124,1.0,1,
Constraint_Test,Greedy,roms/txla_hindcast_agg_full_2013_07_10.nc,"xLon: -96.50000, yLat: 25.00000","(1, 1)","[9, 9]",,0.891752,0.00010204315185546876,1.0,1,
Constraint_Test,MCTS,roms/txla_hindcast_agg_full_2013_07_10.nc,"xLon: -96.50000, yLat: 25.00000","(1, 1)","[9, 9]",,0.848117,0.8750877380371094,1.0,1,
Constraint_Test,Greedy,roms/txla_hindcast_agg_full_2013_07_10.nc,"xLon: -96.50000, yLat: 25.00000","(1, 1)","[1, 1]",,2.556275,0.00018787384033203125,2.0,1,
Constraint_Test,MCTS,roms/txla_hindcast_agg_full_2013_07_10.nc,"xLon: -96.50000, yLat: 25.00000","(1, 1)","[1, 1]",,2.556275,4.414936065673828,2.0,1,
Constraint_Test,Greedy,roms/txla_hindcast_agg_full_2013_07_10.nc,"xLon: -96.50000, yLat: 25.00000","(1, 1)","[1, 5]",,3.292300,0.00015592575073242188,2.0,1,
Constraint_Test,MCTS,roms/txla_hindcast_agg_full_2013_07_10.nc,"xLon: -96.50000, yLat: 25.00000","(1, 1)","[1, 5]",,3.292300,4.540728569030762,2.0,1,
Constraint_Test,Greedy,roms/txla_hindcast_agg_full_2013_07_10.nc,"xLon: -96.50000, yLat: 25.00000","(1, 1)","[1, 9]",,3.810604,0.0001468658447265625,2.0,1,
Constraint_Test,MCTS,roms/txla_hindcast_agg_full_2013_07_10.nc,"xLon: -96.50000, yLat: 25.00000","(1, 1)","[1, 9]",,3.621207,4.223131179809569,2.0,1,
Constraint_Test,Greedy,roms/txla_hindcast_agg_full_2013_07_10.nc,"xLon: -96.50000, yLat: 25.00000","(1, 1)","[5, 1]",,1.721509,0.00019216537475585935,2.0,1,
Constraint_Test,MCTS,roms/txla_hindcast_agg_full_2013_07_10.nc,"xLon: -96.50000, yLat: 25.00000","(1, 1)","[5, 1]",,1.721509,5.186913967132568,2.0,1,
Constraint_Test,Greedy,roms/txla_hindcast_agg_full_2013_07_10.nc,"xLon: -96.50000, yLat: 25.00000","(1, 1)","[5, 5]",,2.256024,0.0001862049102783203,2.0,1,
Constraint_Test,MCTS,roms/txla_hindcast_agg_full_2013_07_10.nc,"xLon: -96.50000, yLat: 25.00000","(1, 1)","[5, 5]",,2.256024,5.046993970870972,2.0,1,
Constraint_Test,Greedy,roms/txla_hindcast_agg_full_2013_07_10.nc,"xLon: -96.50000, yLat: 25.00000","(1, 1)","[5, 9]",,2.690192,0.000179290771484375,2.0,1,
Constraint_Test,MCTS,roms/txla_hindcast_agg_full_2013_07_10.nc,"xLon: -96.50000, yLat: 25.00000","(1, 1)","[5, 9]",,2.611027,4.505046606063843,2.0,1,
Constraint_Test,Greedy,roms/txla_hindcast_agg_full_2013_07_10.nc,"xLon: -96.50000, yLat: 25.00000","(1, 1)","[9, 1]",,0.888689,0.00019097328186035162,2.0,1,
Constraint_Test,MCTS,roms/txla_hindcast_agg_full_2013_07_10.nc,"xLon: -96.50000, yLat: 25.00000","(1, 1)","[9, 1]",,0.888689,4.9856390953063965,2.0,1,
Constraint_Test,Greedy,roms/txla_hindcast_agg_full_2013_07_10.nc,"xLon: -96.50000, yLat: 25.00000","(1, 1)","[9, 5]",,1.520794,0.00019741058349609372,2.0,1,
Constraint_Test,MCTS,roms/txla_hindcast_agg_full_2013_07_10.nc,"xLon: -96.50000, yLat: 25.00000","(1, 1)","[9, 5]",,1.520794,4.91546893119812,2.0,1,
Constraint_Test,Greedy,roms/txla_hindcast_agg_full_2013_07_10.nc,"xLon: -96.50000, yLat: 25.00000","(1, 1)","[9, 9]",,2.053788,0.00015926361083984375,2.0,1,
Constraint_Test,MCTS,roms/txla_hindcast_agg_full_2013_07_10.nc,"xLon: -96.50000, yLat: 25.00000","(1, 1)","[9, 9]",,1.934647,4.340963840484618,2.0,1,
Constraint_Test,Greedy,roms/txla_hindcast_agg_full_2013_07_10.nc,"xLon: -96.50000, yLat: 25.00000","(1, 1)","[1, 1]",,5.025446,0.00032806396484375,4.0,1,
Constraint_Test,MCTS,roms/txla_hindcast_agg_full_2013_07_10.nc,"xLon: -96.50000, yLat: 25.00000","(1, 1)","[1, 1]",,5.025446,14.579041242599487,4.0,1,
Constraint_Test,Greedy,roms/txla_hindcast_agg_full_2013_07_10.nc,"xLon: -96.50000, yLat: 25.00000","(1, 1)","[1, 5]",,6.191370,0.0004725456237792969,4.0,1,
Constraint_Test,MCTS,roms/txla_hindcast_agg_full_2013_07_10.nc,"xLon: -96.50000, yLat: 25.00000","(1, 1)","[1, 5]",,6.052438,14.113322019577026,4.0,1,
Constraint_Test,Greedy,roms/txla_hindcast_agg_full_2013_07_10.nc,"xLon: -96.50000, yLat: 25.00000","(1, 1)","[1, 9]",,6.709673,0.0002281665802001953,4.0,1,
Constraint_Test,MCTS,roms/txla_hindcast_agg_full_2013_07_10.nc,"xLon: -96.50000, yLat: 25.00000","(1, 1)","[1, 9]",,6.335340,14.08953070640564,4.0,1,
Constraint_Test,Greedy,roms/txla_hindcast_agg_full_2013_07_10.nc,"xLon: -96.50000, yLat: 25.00000","(1, 1)","[5, 1]",,4.110280,0.0003154277801513672,4.0,1,
Constraint_Test,MCTS,roms/txla_hindcast_agg_full_2013_07_10.nc,"xLon: -96.50000, yLat: 25.00000","(1, 1)","[5, 1]",,4.110280,17.06777310371399,4.0,1,
Constraint_Test,Greedy,roms/txla_hindcast_agg_full_2013_07_10.nc,"xLon: -96.50000, yLat: 25.00000","(1, 1)","[5, 5]",,5.066627,0.0003678798675537109,4.0,1,
Constraint_Test,MCTS,roms/txla_hindcast_agg_full_2013_07_10.nc,"xLon: -96.50000, yLat: 25.00000","(1, 1)","[5, 5]",,4.804429,15.131507158279419,4.0,1,
Constraint_Test,Greedy,roms/txla_hindcast_agg_full_2013_07_10.nc,"xLon: -96.50000, yLat: 25.00000","(1, 1)","[5, 9]",,5.522912,0.00029087066650390625,4.0,1,
Constraint_Test,MCTS,roms/txla_hindcast_agg_full_2013_07_10.nc,"xLon: -96.50000, yLat: 25.00000","(1, 1)","[5, 9]",,5.325160,14.365446329116821,4.0,1,
Constraint_Test,Greedy,roms/txla_hindcast_agg_full_2013_07_10.nc,"xLon: -96.50000, yLat: 25.00000","(1, 1)","[9, 1]",,2.420813,0.0003435611724853516,4.0,1,
Constraint_Test,MCTS,roms/txla_hindcast_agg_full_2013_07_10.nc,"xLon: -96.50000, yLat: 25.00000","(1, 1)","[9, 1]",,2.420813,16.355086326599118,4.0,1,
Constraint_Test,Greedy,roms/txla_hindcast_agg_full_2013_07_10.nc,"xLon: -96.50000, yLat: 25.00000","(1, 1)","[9, 5]",,3.460285,0.0003325939178466797,4.0,1,
Constraint_Test,MCTS,roms/txla_hindcast_agg_full_2013_07_10.nc,"xLon: -96.50000, yLat: 25.00000","(1, 1)","[9, 5]",,3.394020,16.338007926940918,4.0,1,
Constraint_Test,Greedy,roms/txla_hindcast_agg_full_2013_07_10.nc,"xLon: -96.50000, yLat: 25.00000","(1, 1)","[9, 9]",,4.018219,0.00025987625122070307,4.0,1,
Constraint_Test,MCTS,roms/txla_hindcast_agg_full_2013_07_10.nc,"xLon: -96.50000, yLat: 25.00000","(1, 1)","[9, 9]",,3.807873,14.468671321868895,4.0,1,
Constraint_Test,Greedy,roms/txla_hindcast_agg_full_2013_07_10.nc,"xLon: -96.50000, yLat: 25.00000","(1, 1)","[1, 1]",,10.777579,0.0005536079406738281,8.0,1,
Constraint_Test,MCTS,roms/txla_hindcast_agg_full_2013_07_10.nc,"xLon: -96.50000, yLat: 25.00000","(1, 1)","[1, 1]",,10.499717,62.29413723945618,8.0,1,
Constraint_Test,Greedy,roms/txla_hindcast_agg_full_2013_07_10.nc,"xLon: -96.50000, yLat: 25.00000","(1, 1)","[1, 5]",,12.039973,0.0004162788391113281,8.0,1,
Constraint_Test,MCTS,roms/txla_hindcast_agg_full_2013_07_10.nc,"xLon: -96.50000, yLat: 25.00000","(1, 1)","[1, 5]",,11.484249,65.37428998947144,8.0,1,
Constraint_Test,Greedy,roms/txla_hindcast_agg_full_2013_07_10.nc,"xLon: -96.50000, yLat: 25.00000","(1, 1)","[1, 9]",,12.558277,0.0004413127899169922,8.0,1,
Constraint_Test,MCTS,roms/txla_hindcast_agg_full_2013_07_10.nc,"xLon: -96.50000, yLat: 25.00000","(1, 1)","[1, 9]",,11.809611,65.01261258125304,8.0,1,
Constraint_Test,Greedy,roms/txla_hindcast_agg_full_2013_07_10.nc,"xLon: -96.50000, yLat: 25.00000","(1, 1)","[5, 1]",,9.862413,0.0006918907165527344,8.0,1,
Constraint_Test,MCTS,roms/txla_hindcast_agg_full_2013_07_10.nc,"xLon: -96.50000, yLat: 25.00000","(1, 1)","[5, 1]",,9.584551,64.28533220291139,8.0,1,
Constraint_Test,Greedy,roms/txla_hindcast_agg_full_2013_07_10.nc,"xLon: -96.50000, yLat: 25.00000","(1, 1)","[5, 5]",,10.915231,0.0005104541778564453,8.0,1,
Constraint_Test,MCTS,roms/txla_hindcast_agg_full_2013_07_10.nc,"xLon: -96.50000, yLat: 25.00000","(1, 1)","[5, 5]",,10.444428,66.43296408653259,8.0,1,
Constraint_Test,Greedy,roms/txla_hindcast_agg_full_2013_07_10.nc,"xLon: -96.50000, yLat: 25.00000","(1, 1)","[5, 9]",,11.371515,0.00044798851013183605,8.0,1,
Constraint_Test,MCTS,roms/txla_hindcast_agg_full_2013_07_10.nc,"xLon: -96.50000, yLat: 25.00000","(1, 1)","[5, 9]",,10.756971,64.51006484031677,8.0,1,
Constraint_Test,Greedy,roms/txla_hindcast_agg_full_2013_07_10.nc,"xLon: -96.50000, yLat: 25.00000","(1, 1)","[9, 1]",,7.904851,0.0005779266357421875,8.0,1,
Constraint_Test,MCTS,roms/txla_hindcast_agg_full_2013_07_10.nc,"xLon: -96.50000, yLat: 25.00000","(1, 1)","[9, 1]",,7.669449,63.71586275100708,8.0,1,
Constraint_Test,Greedy,roms/txla_hindcast_agg_full_2013_07_10.nc,"xLon: -96.50000, yLat: 25.00000","(1, 1)","[9, 5]",,8.993240,0.0006134510040283202,8.0,1,
Constraint_Test,MCTS,roms/txla_hindcast_agg_full_2013_07_10.nc,"xLon: -96.50000, yLat: 25.00000","(1, 1)","[9, 5]",,8.656558,61.01015710830689,8.0,1,
Constraint_Test,Greedy,roms/txla_hindcast_agg_full_2013_07_10.nc,"xLon: -96.50000, yLat: 25.00000","(1, 1)","[9, 9]",,9.551174,0.0005877017974853517,8.0,1,
Constraint_Test,MCTS,roms/txla_hindcast_agg_full_2013_07_10.nc,"xLon: -96.50000, yLat: 25.00000","(1, 1)","[9, 9]",,9.070411,56.287025928497314,8.0,1,
